계정명,회계명,회계연도,수입항명,수입관명,수입목명,소관명,수입구분,국회확정금액,정부안금액
,일반회계,2024,잡수입,재화및용역판매수입,기타잡수입,감사원,일반수입,79756.0,79756.0
,일반회계,2023,잡수입,재화및용역판매수입,기타잡수입,감사원,일반수입,85800.0,85800.0
,일반회계,2022,잡수입,재화및용역판매수입,기타잡수입,감사원,일반수입,85855.0,85855.0
,일반회계,2021,잡수입,재화및용역판매수입,기타잡수입,감사원,일반수입,77686.0,77686.0
,외국환평형기금,2021,국공채수입,차입금및여유자금회수,국공채발행수입,기획재정부,보전수입,1508677685.0,1508677685.0
,외국환평형기금,2020,국공채수입,차입금및여유자금회수,국공채발행수입,기획재정부,보전수입,1500000000.0,1500000000.0
,일반회계,2020,면허료및수수료,수입대체경비수입,면허료및수수료,외교부,일반수입,134784777.0,134784777.0
,일반회계,2019,전대차관원금회수,융자및전대차관원금회수,기타민간전대차관원금회수,교육부,일반수입,49091.0,49091.0
,일반회계,2019,전대차관이자수입,재산수입,기타민간전대차관이자수입,교육부,일반수입,1818.0,1818.0
,외국환평형기금,2019,국공채수입,차입금및여유자금회수,국공채발행수입,기획재정부,보전수입,1500000000.0,1500000000.0
,일반회계,2019,면허료및수수료,수입대체경비수입,면허료및수수료,외교부,일반수입,125400000.0,125400000.0
,일반회계,2018,전대차관원금회수,융자및전대차관원금회수,기타민간전대차관원금회수,교육부,일반수입,49557.0,49557.0
,일반회계,2018,전대차관이자수입,재산수입,기타민간전대차관이자수입,교육부,일반수입,1770.0,1770.0
,외국환평형기금,2018,국공채수입,차입금및여유자금회수,국공채발행수입,기획재정부,보전수입,1000000000.0,1000000000.0
,일반회계,2018,면허료및수수료,수입대체경비수입,면허료및수수료,외교부,일반수입,128356637.0,128356637.0
,일반회계,2017,전대차관원금회수,융자및전대차관원금회수,기타민간전대차관원금회수,교육부,일반수입,47826.0,47826.0
,일반회계,2017,전대차관이자수입,재산수입,기타민간전대차관이자수입,교육부,일반수입,5217.0,5217.0
,외국환평형기금,2017,국공채수입,차입금및여유자금회수,국공채발행수입,기획재정부,보전수입,1000000000.0,1000000000.0
,일반회계,2017,면허료및수수료,수입대체경비수입,면허료및수수료,외교부,일반수입,113405217.0,113405217.0
,일반회계,2016,기타경상이전수입,경상이전수입,기타경상이전수입,교육부,일반수입,22.0,22.0
,일반회계,2016,전대차관원금회수,융자및전대차관원금회수,기타민간전대차관원금회수,교육부,일반수입,44737.0,44737.0
,일반회계,2016,전대차관이자수입,재산수입,기타민간전대차관이자수입,교육부,일반수입,2632.0,2632.0
,외국환평형기금,2016,국공채수입,차입금및여유자금회수,국공채수입,기획재정부,보전수입,500000000.0,500000000.0
,일반회계,2016,면허료및수수료,수입대체경비수입,면허료및수수료,외교부,일반수입,122574562.0,122574562.0
,일반회계,2015,기타경상이전수입,경상이전수입,기타경상이전수입,교육부,일반수입,24.0,24.0
,일반회계,2015,전대차관원금회수,융자및전대차관원금회수,기타민간전대차관원금회수,교육부,일반수입,47545.0,47545.0
,일반회계,2015,전대차관이자수입,재산수입,기타민간전대차관이자수입,교육부,일반수입,2764.0,2764.0
,외국환평형기금,2015,국공채수입,차입금및여유자금회수,국공채수입,기획재정부,보전수입,700000000.0,700000000.0
,일반회계,2015,면허료및수수료,수입대체경비수입,면허료및수수료,외교부,일반수입,113084390.0,113084390.0
,일반회계,2014,기타경상이전수입,경상이전수입,기타경상이전수입,교육부,일반수입,161.0,161.0
,일반회계,2014,전대차관원금회수,융자및전대차관원금회수,기타민간전대차관원금회수,교육부,일반수입,47545.0,47545.0
,일반회계,2014,전대차관이자수입,재산수입,기타민간전대차관이자수입,교육부,일반수입,3477.0,3477.0
,외국환평형기금,2014,국공채수입,차입금및여유자금회수,국공채수입,기획재정부,보전수입,2500000000.0,2500000000.0
,일반회계,2014,면허료및수수료,수입대체경비수입,면허료및수수료,외교부,일반수입,89539712.0,89539712.0
손익계정,특허청,2014,책임운영기관사업수입,기업특별회계영업수입,책임운영기관사업수입,특허청,일반수입,3300000.0,3300000.0
,일반회계,2013,기타경상이전수입,경상이전수입,기타경상이전수입,교육과학기술부,일반수입,161.0,161.0
,일반회계,2013,전대차관원금회수,융자및전대차관원금회수,기타민간전대차관원금회수,교육과학기술부,일반수입,312324.0,312324.0
,일반회계,2013,전대차관이자수입,재산수입,기타민간전대차관이자수입,교육과학기술부,일반수입,9104.0,9104.0
,일반회계,2013,전대차관원금회수,융자및전대차관원금회수,기타민간전대차관원금회수,금융위원회,일반수입,12902.0,12902.0
,일반회계,2013,전대차관원금회수,융자및전대차관원금회수,통화금융기관전대차관원금회수,금융위원회,일반수입,889569.0,889569.0
,일반회계,2013,전대차관이자수입,재산수입,기타민간전대차관이자수입,금융위원회,일반수입,298.0,298.0
,일반회계,2013,전대차관이자수입,재산수입,통화금융기관전대차관이자수입,금융위원회,일반수입,20033.0,20033.0
차관계정,공공자금관리기금,2013,전대차관원금회수,융자및전대차관원금회수,기타민간전대차관원금회수,기획재정부,일반수입,163601765.0,163601765.0
차관계정,공공자금관리기금,2013,전대차관원금회수,융자및전대차관원금회수,비통화금융기관전대차관원금회수,기획재정부,일반수입,200000000.0,200000000.0
차관계정,공공자금관리기금,2013,전대차관원금회수,융자및전대차관원금회수,지방자치단체전대차관원금회수,기획재정부,일반수입,409671.0,409671.0
차관계정,공공자금관리기금,2013,전대차관원금회수,융자및전대차관원금회수,통화금융기관전대차관원금회수,기획재정부,일반수입,1542053.0,1542053.0
차관계정,공공자금관리기금,2013,전대차관이자수입,재산수입,기타민간전대차관이자수입,기획재정부,일반수입,11732519.0,11732519.0
차관계정,공공자금관리기금,2013,전대차관이자수입,재산수입,비통화금융기관전대차관이자수입,기획재정부,일반수입,2677876.0,2677876.0
차관계정,공공자금관리기금,2013,전대차관이자수입,재산수입,지방자치단체전대차관이자수입,기획재정부,일반수입,8682.0,8682.0
차관계정,공공자금관리기금,2013,전대차관이자수입,재산수입,통화금융기관전대차관이자수입,기획재정부,일반수입,169584.0,169584.0
,외국환평형기금,2013,기타이자수입및재산수입,재산수입,기타민간이자수입,기획재정부,일반수입,963968142.0,963968142.0
,외국환평형기금,2013,국공채수입,차입금및여유자금회수,국공채수입,기획재정부,보전수입,1000000000.0,1000000000.0
,일반회계,2013,면허료및수수료,수입대체경비수입,면허료및수수료,외교통상부,일반수입,50124049.0,50124049.0
,일반회계,2012,기타경상이전수입,경상이전수입,기타경상이전수입,교육과학기술부,일반수입,1050.0,1050.0
,일반회계,2012,전대차관원금회수,융자및전대차관원금회수,기타민간전대차관원금회수,교육과학기술부,일반수입,2020209.0,2020209.0
,일반회계,2012,전대차관이자수입,재산수입,기타민간전대차관이자수입,교육과학기술부,일반수입,78980.0,78980.0
,일반회계,2012,전대차관원금회수,융자및전대차관원금회수,기타민간전대차관원금회수,금융위원회,일반수입,13867.0,13867.0
,일반회계,2012,전대차관원금회수,융자및전대차관원금회수,통화금융기관전대차관원금회수,금융위원회,일반수입,956079.0,956079.0
,일반회계,2012,전대차관이자수입,재산수입,기타민간전대차관이자수입,금융위원회,일반수입,736.0,736.0
,일반회계,2012,전대차관이자수입,재산수입,통화금융기관전대차관이자수입,금융위원회,일반수입,50214.0,50214.0
차관계정,공공자금관리기금,2012,기타경상이전수입,경상이전수입,기타경상이전수입,기획재정부,일반수입,238858.0,238858.0
차관계정,공공자금관리기금,2012,전대차관원금회수,융자및전대차관원금회수,기타민간전대차관원금회수,기획재정부,일반수입,164766871.0,164766871.0
차관계정,공공자금관리기금,2012,전대차관원금회수,융자및전대차관원금회수,비통화금융기관전대차관원금회수,기획재정부,일반수입,268856448.0,268856448.0
차관계정,공공자금관리기금,2012,전대차관원금회수,융자및전대차관원금회수,지방자치단체전대차관원금회수,기획재정부,일반수입,780495.0,780495.0
차관계정,공공자금관리기금,2012,전대차관원금회수,융자및전대차관원금회수,통화금융기관전대차관원금회수,기획재정부,일반수입,6607775.0,6607775.0
차관계정,공공자금관리기금,2012,전대차관이자수입,재산수입,기타민간전대차관이자수입,기획재정부,일반수입,21617246.0,21617246.0
차관계정,공공자금관리기금,2012,전대차관이자수입,재산수입,비통화금융기관전대차관이자수입,기획재정부,일반수입,14657570.0,14657570.0
차관계정,공공자금관리기금,2012,전대차관이자수입,재산수입,지방자치단체전대차관이자수입,기획재정부,일반수입,41577.0,41577.0
차관계정,공공자금관리기금,2012,전대차관이자수입,재산수입,통화금융기관전대차관이자수입,기획재정부,일반수입,385493.0,385493.0
차관계정,공공자금관리기금,2012,예탁원금회수,정부내부수입및기타,타회계전대차관원금회수,기획재정부,내부거래수입(예산=>기금간거래),18313453.0,18313453.0
차관계정,공공자금관리기금,2012,예탁이자수입,정부내부수입및기타,타회계전대차관이자수입,기획재정부,내부거래수입(예산=>기금간거래),1020650.0,1020650.0
,외국환평형기금,2012,기타이자수입및재산수입,재산수입,기타민간이자수입,기획재정부,일반수입,1211451402.0,1211451402.0
,외국환평형기금,2012,국공채수입,차입금및여유자금회수,국공채수입,기획재정부,보전수입,1000000000.0,1000000000.0
,일반회계,2012,면허료및수수료,수입대체경비수입,면허료및수수료,외교통상부,일반수입,53422817.0,53422817.0
,일반회계,2011,기타경상이전수입,경상이전수입,기타경상이전수입,교육과학기술부,일반수입,1016.0,1016.0
,일반회계,2011,전대차관원금회수,융자및전대차관원금회수,기타민간전대차관원금회수,교육과학기술부,일반수입,1879673.0,1879673.0
,일반회계,2011,전대차관이자수입,재산수입,기타민간전대차관이자수입,교육과학기술부,일반수입,162608.0,162608.0
,일반회계,2011,전대차관원금회수,융자및전대차관원금회수,기타민간전대차관원금회수,금융위원회,일반수입,13044.0,13044.0
,일반회계,2011,전대차관원금회수,융자및전대차관원금회수,통화금융기관전대차관원금회수,금융위원회,일반수입,889565.0,889565.0
,일반회계,2011,전대차관이자수입,재산수입,기타민간전대차관이자수입,금융위원회,일반수입,1086.0,1086.0
,일반회계,2011,전대차관이자수입,재산수입,통화금융기관전대차관이자수입,금융위원회,일반수입,73043.0,73043.0
차관계정,공공자금관리기금,2011,기타경상이전수입,경상이전수입,기타경상이전수입,기획재정부,일반수입,322508.0,322508.0
차관계정,공공자금관리기금,2011,전대차관원금회수,융자및전대차관원금회수,기타민간전대차관원금회수,기획재정부,일반수입,162129417.0,162129417.0
차관계정,공공자금관리기금,2011,전대차관원금회수,융자및전대차관원금회수,비통화금융기관전대차관원금회수,기획재정부,일반수입,399825000.0,399825000.0
차관계정,공공자금관리기금,2011,전대차관원금회수,융자및전대차관원금회수,지방자치단체전대차관원금회수,기획재정부,일반수입,733625.0,733625.0
차관계정,공공자금관리기금,2011,전대차관원금회수,융자및전대차관원금회수,통화금융기관전대차관원금회수,기획재정부,일반수입,6216433.0,6216433.0
차관계정,공공자금관리기금,2011,전대차관이자수입,재산수입,기타민간전대차관이자수입,기획재정부,일반수입,30896821.0,30896821.0
차관계정,공공자금관리기금,2011,전대차관이자수입,재산수입,비통화금융기관전대차관이자수입,기획재정부,일반수입,44803263.0,44803263.0
차관계정,공공자금관리기금,2011,전대차관이자수입,재산수입,지방자치단체전대차관이자수입,기획재정부,일반수입,65784.0,65784.0
차관계정,공공자금관리기금,2011,전대차관이자수입,재산수입,통화금융기관전대차관이자수입,기획재정부,일반수입,622600.0,622600.0
차관계정,공공자금관리기금,2011,예탁원금회수,정부내부수입및기타,타회계전대차관원금회수,기획재정부,내부거래수입(예산=>기금간거래),25944604.0,25944604.0
차관계정,공공자금관리기금,2011,예탁이자수입,정부내부수입및기타,타회계전대차관이자수입,기획재정부,내부거래수입(예산=>기금간거래),1880562.0,1880562.0
,외국환평형기금,2011,기타이자수입및재산수입,재산수입,기타민간이자수입,기획재정부,일반수입,1282888500.0,1282888500.0
,외국환평형기금,2011,국공채수입,차입금및여유자금회수,국공채수입,기획재정부,보전수입,1000000000.0,1000000000.0
,외국환평형기금,2011,정부예금회수,차입금및여유자금회수,한국은행예치금회수,기획재정부,보전수입,9081620351.0,9081620351.0
,일반회계,2011,면허료및수수료,수입대체경비수입,면허료및수수료,외교통상부,일반수입,33789925.0,33789925.0
,일반회계,2010,기타경상이전수입,경상이전수입,기타경상이전수입,교육과학기술부,일반수입,2140.0,2001.0
,일반회계,2010,전대차관원금회수,융자및전대차관원금회수,기타민간전대차관원금회수,교육과학기술부,일반수입,4031819.0,3769587.0
,일반회계,2010,전대차관이자수입,재산수입,기타민간전대차관이자수입,교육과학기술부,일반수입,322152.0,301198.0
,일반회계,2010,전대차관원금회수,융자및전대차관원금회수,기타민간전대차관원금회수,금융위원회,일반수입,13800.0,12902.0
,일반회계,2010,전대차관원금회수,융자및전대차관원금회수,통화금융기관전대차관원금회수,금융위원회,일반수입,951378.0,889500.0
차관계정,공공자금관리기금,2010,기타경상이전수입,경상이전수입,기타경상이전수입,기획재정부,일반수입,346586.0,324044.0
차관계정,공공자금관리기금,2010,전대차관원금회수,융자및전대차관원금회수,기타민간전대차관원금회수,기획재정부,일반수입,172289071.0,161083278.0
차관계정,공공자금관리기금,2010,전대차관원금회수,융자및전대차관원금회수,비통화금융기관전대차관원금회수,기획재정부,일반수입,427826087.0,400000000.0
차관계정,공공자금관리기금,2010,전대차관원금회수,융자및전대차관원금회수,지방자치단체전대차관원금회수,기획재정부,일반수입,711473.0,665198.0
차관계정,공공자금관리기금,2010,전대차관원금회수,융자및전대차관원금회수,통화금융기관전대차관원금회수,기획재정부,일반수입,6312878.0,5902285.0
차관계정,공공자금관리기금,2010,전대차관이자수입,재산수입,기타민간전대차관이자수입,기획재정부,일반수입,43863000.0,41010122.0
차관계정,공공자금관리기금,2010,전대차관이자수입,재산수입,비통화금융기관전대차관이자수입,기획재정부,일반수입,41194779.0,38515443.0
차관계정,공공자금관리기금,2010,전대차관이자수입,재산수입,지방자치단체전대차관이자수입,기획재정부,일반수입,98251.0,91861.0
차관계정,공공자금관리기금,2010,전대차관이자수입,재산수입,통화금융기관전대차관이자수입,기획재정부,일반수입,876100.0,819118.0
차관계정,공공자금관리기금,2010,예탁원금회수,정부내부수입및기타,기금전대차관원금회수,기획재정부,내부거래수입(기금간거래),8127611.0,7598986.0
차관계정,공공자금관리기금,2010,예탁원금회수,정부내부수입및기타,타회계전대차관원금회수,기획재정부,내부거래수입(예산=>기금간거래),46797186.0,43753466.0
차관계정,공공자금관리기금,2010,예탁이자수입,정부내부수입및기타,기금전대차관이자수입,기획재정부,내부거래수입(기금간거래),248014.0,231883.0
차관계정,공공자금관리기금,2010,예탁이자수입,정부내부수입및기타,타회계전대차관이자수입,기획재정부,내부거래수입(예산=>기금간거래),3643717.0,3406727.0
,외국환평형기금,2010,기타이자수입및재산수입,재산수입,기타민간이자수입,기획재정부,일반수입,1794653426.0,1677928000.0
,외국환평형기금,2010,국공채수입,차입금및여유자금회수,국공채수입,기획재정부,보전수입,2000000000.0,2000000000.0
,외국환평형기금,2010,정부예금회수,차입금및여유자금회수,한국은행예치금회수,기획재정부,보전수입,25643655652.0,23975775610.0
,일반회계,2010,면허료및수수료,수입대체경비수입,면허료및수수료,외교통상부,일반수입,33416592.0,33416592.0
,일반회계,2009,기타경상이전수입,경상이전수입,기타경상이전수입,교육과학기술부,일반수입,2807.0,2807.0
,일반회계,2009,전대차관원금회수,융자및전대차관원금회수,기타민간전대차관원금회수,교육과학기술부,일반수입,5101223.0,5101223.0
,일반회계,2009,전대차관이자수입,재산수입,기타민간전대차관이자수입,교육과학기술부,일반수입,513179.0,513179.0
,일반회계,2009,전대차관원금회수,융자및전대차관원금회수,기타민간전대차관원금회수,금융위원회,일반수입,11729.0,11729.0
,일반회계,2009,전대차관원금회수,융자및전대차관원금회수,통화금융기관전대차관원금회수,금융위원회,일반수입,808699.0,808699.0
차관계정,공공자금관리기금,2009,기타경상이전수입,경상이전수입,기타경상이전수입,기획재정부,일반수입,368955.0,368955.0
차관계정,공공자금관리기금,2009,전대차관원금회수,융자및전대차관원금회수,기타민간전대차관원금회수,기획재정부,일반수입,212265064.0,212265064.0
차관계정,공공자금관리기금,2009,전대차관원금회수,융자및전대차관원금회수,비통화금융기관전대차관원금회수,기획재정부,일반수입,400000000.0,400000000.0
차관계정,공공자금관리기금,2009,전대차관원금회수,융자및전대차관원금회수,지방자치단체전대차관원금회수,기획재정부,일반수입,612113.0,612113.0
차관계정,공공자금관리기금,2009,전대차관원금회수,융자및전대차관원금회수,통화금융기관전대차관원금회수,기획재정부,일반수입,8107702.0,8107702.0
차관계정,공공자금관리기금,2009,전대차관이자수입,재산수입,기타민간전대차관이자수입,기획재정부,일반수입,52176144.0,52176144.0
차관계정,공공자금관리기금,2009,전대차관이자수입,재산수입,비통화금융기관전대차관이자수입,기획재정부,일반수입,63625845.0,63625845.0
차관계정,공공자금관리기금,2009,전대차관이자수입,재산수입,지방자치단체전대차관이자수입,기획재정부,일반수입,110545.0,110545.0
차관계정,공공자금관리기금,2009,전대차관이자수입,재산수입,통화금융기관전대차관이자수입,기획재정부,일반수입,1013492.0,1013492.0
차관계정,공공자금관리기금,2009,예탁원금회수,정부내부수입및기타,기금전대차관원금회수,기획재정부,내부거래수입(기금간거래),7135693.0,7135693.0
차관계정,공공자금관리기금,2009,예탁원금회수,정부내부수입및기타,타회계전대차관원금회수,기획재정부,내부거래수입(예산=>기금간거래),55413968.0,55413968.0
차관계정,공공자금관리기금,2009,예탁이자수입,정부내부수입및기타,기금전대차관이자수입,기획재정부,내부거래수입(기금간거래),421701.0,421701.0
차관계정,공공자금관리기금,2009,예탁이자수입,정부내부수입및기타,타회계전대차관이자수입,기획재정부,내부거래수입(예산=>기금간거래),6035808.0,6035808.0
,외국환평형기금,2009,기타이자수입및재산수입,재산수입,기타민간이자수입,기획재정부,일반수입,0.0,2481320000.0
,외국환평형기금,2009,국공채수입,차입금및여유자금회수,국공채수입,기획재정부,보전수입,0.0,6000000000.0
,외국환평형기금,2009,정부예금회수,차입금및여유자금회수,한국은행예치금회수,기획재정부,보전수입,0.0,22688663193.0
손익계정,양곡관리특별회계,2009,양곡사업수입,기업특별회계영업수입,미곡판매수입,농림수산식품부,일반수입,77557650.0,77557650.0
,일반회계,2009,면허료및수수료,수입대체경비수입,면허료및수수료,외교통상부,일반수입,26994960.0,26994960.0
,일반회계,2008,기타경상이전수입,경상이전수입,기타경상이전수입,교육인적자원부,일반수입,3386.0,3386.0
,일반회계,2008,전대차관원금회수,융자및전대차관원금회수,기타민간전대차관원금회수,교육인적자원부,일반수입,6002192.0,6002192.0
,일반회계,2008,전대차관이자수입,재산수입,기타민간전대차관이자수입,교육인적자원부,일반수입,770679.0,770679.0
,일반회계,2008,전대차관원금회수,융자및전대차관원금회수,통화금융기관전대차관원금회수,국무총리실,일반수입,889569.0,889569.0
,일반회계,2008,전대차관이자수입,재산수입,통화금융기관전대차관이자수입,국무총리실,일반수입,338635.0,338635.0
,일반회계,2008,면허료및수수료,수입대체경비수입,면허료및수수료,외교통상부,일반수입,32999633.0,32999633.0
차관계정,공공자금관리기금,2008,기타경상이전수입,경상이전수입,기타경상이전수입,재정경제부,일반수입,541743.0,541743.0
차관계정,공공자금관리기금,2008,전대차관원금회수,융자및전대차관원금회수,기타민간전대차관원금회수,재정경제부,일반수입,284312828.0,284312828.0
차관계정,공공자금관리기금,2008,전대차관원금회수,융자및전대차관원금회수,비통화금융기관전대차관원금회수,재정경제부,일반수입,577036448.0,577036448.0
차관계정,공공자금관리기금,2008,전대차관원금회수,융자및전대차관원금회수,지방자치단체전대차관원금회수,재정경제부,일반수입,4390376.0,4390376.0
차관계정,공공자금관리기금,2008,전대차관원금회수,융자및전대차관원금회수,통화금융기관전대차관원금회수,재정경제부,일반수입,11245656.0,11245656.0
차관계정,공공자금관리기금,2008,전대차관이자수입,재산수입,기타민간전대차관이자수입,재정경제부,일반수입,70489580.0,70489580.0
차관계정,공공자금관리기금,2008,전대차관이자수입,재산수입,비통화금융기관전대차관이자수입,재정경제부,일반수입,135112774.0,135112774.0
차관계정,공공자금관리기금,2008,전대차관이자수입,재산수입,지방자치단체전대차관이자수입,재정경제부,일반수입,246051.0,246051.0
차관계정,공공자금관리기금,2008,전대차관이자수입,재산수입,통화금융기관전대차관이자수입,재정경제부,일반수입,1739620.0,1739620.0
차관계정,공공자금관리기금,2008,예탁원금회수,정부내부수입및기타,기금전대차관원금회수,재정경제부,내부거래수입(기금간거래),7097438.0,7097438.0
차관계정,공공자금관리기금,2008,예탁원금회수,정부내부수입및기타,타회계전대차관원금회수,재정경제부,내부거래수입(예산=>기금간거래),67556299.0,67556299.0
차관계정,공공자금관리기금,2008,예탁이자수입,정부내부수입및기타,기금전대차관이자수입,재정경제부,내부거래수입(기금간거래),597680.0,597680.0
차관계정,공공자금관리기금,2008,예탁이자수입,정부내부수입및기타,타회계전대차관이자수입,재정경제부,내부거래수입(예산=>기금간거래),9770954.0,9770954.0
,외국환평형기금,2008,기타이자수입및재산수입,재산수입,기타민간이자수입,재정경제부,일반수입,3279744000.0,3279744000.0
,외국환평형기금,2008,국공채수입,차입금및여유자금회수,국공채수입,재정경제부,보전수입,1000000000.0,1000000000.0
,외국환평형기금,2008,정부예금회수,차입금및여유자금회수,한국은행예치금회수,재정경제부,보전수입,20364500445.0,20364500445.0
,일반회계,2007,기타경상이전수입,경상이전수입,기타경상이전수입,교육인적자원부,일반수입,3561.0,3561.0
,일반회계,2007,전대차관원금회수,융자및전대차관원금회수,기타민간전대차관원금회수,교육인적자원부,일반수입,6034624.0,6034624.0
,일반회계,2007,전대차관이자수입,재산수입,기타민간전대차관이자수입,교육인적자원부,일반수입,1087115.0,1087115.0
,일반회계,2007,전대차관원금회수,융자및전대차관원금회수,통화금융기관전대차관원금회수,국무총리실,일반수입,889569.0,889569.0
,일반회계,2007,전대차관이자수입,재산수입,통화금융기관전대차관이자수입,국무총리실,일반수입,378289.0,378289.0
,일반회계,2007,면허료및수수료,수입대체경비수입,면허료및수수료,외교통상부,일반수입,32969633.0,32969633.0
차관계정,공공자금관리기금,2007,기타경상이전수입,경상이전수입,기타경상이전수입,재정경제부,일반수입,480247.0,480247.0
차관계정,공공자금관리기금,2007,전대차관원금회수,융자및전대차관원금회수,기타민간전대차관원금회수,재정경제부,일반수입,387998505.0,387998505.0
차관계정,공공자금관리기금,2007,전대차관원금회수,융자및전대차관원금회수,비통화금융기관전대차관원금회수,재정경제부,일반수입,400000000.0,400000000.0
차관계정,공공자금관리기금,2007,전대차관원금회수,융자및전대차관원금회수,지방자치단체전대차관원금회수,재정경제부,일반수입,7585442.0,7585442.0
차관계정,공공자금관리기금,2007,전대차관원금회수,융자및전대차관원금회수,통화금융기관전대차관원금회수,재정경제부,일반수입,11399499.0,11399499.0
차관계정,공공자금관리기금,2007,전대차관이자수입,재산수입,기타민간전대차관이자수입,재정경제부,일반수입,138590247.0,138590247.0
차관계정,공공자금관리기금,2007,전대차관이자수입,재산수입,비통화금융기관전대차관이자수입,재정경제부,일반수입,162118613.0,162118613.0
차관계정,공공자금관리기금,2007,전대차관이자수입,재산수입,지방자치단체전대차관이자수입,재정경제부,일반수입,748103.0,748103.0
차관계정,공공자금관리기금,2007,전대차관이자수입,재산수입,통화금융기관전대차관이자수입,재정경제부,일반수입,2338342.0,2338342.0
차관계정,공공자금관리기금,2007,예탁원금회수,정부내부수입및기타,기금전대차관원금회수,재정경제부,내부거래수입(기금간거래),7040671.0,7040671.0
차관계정,공공자금관리기금,2007,예탁원금회수,정부내부수입및기타,타회계전대차관원금회수,재정경제부,내부거래수입(예산=>기금간거래),75295293.0,75295293.0
차관계정,공공자금관리기금,2007,예탁이자수입,정부내부수입및기타,기금전대차관이자수입,재정경제부,내부거래수입(기금간거래),802323.0,802323.0
차관계정,공공자금관리기금,2007,예탁이자수입,정부내부수입및기타,타회계전대차관이자수입,재정경제부,내부거래수입(예산=>기금간거래),13782394.0,13782394.0
,외국환평형기금,2007,기타이자수입및재산수입,재산수입,기타민간이자수입,재정경제부,일반수입,2694120000.0,2694120000.0
,외국환평형기금,2007,기타이자수입및재산수입,재산수입,기타재산수입,재정경제부,일반수입,166800000.0,166800000.0
,외국환평형기금,2007,정부예금회수,차입금및여유자금회수,한국은행예치금회수,재정경제부,보전수입,13787785936.0,13787785936.0
